Date,Open,High,Low,Close,Volume,EMA-12,EMA-26,MACD,Signal,
"2021-01-04",132.5331,132.6224,125.8230,128.4534,143301900.0000,
"2021-01-05",127.9373,130.7662,127.4807,130.0416,97664900.0000,
"2021-01-06",126.7759,130.0813,125.4458,125.6642,155088000.0000,
"2021-01-07",127.4112,130.6570,126.9149,129.9523,109578200.0000,
"2021-01-08",131.4511,131.6496,129.2674,131.0739,105158200.0000,
"2021-01-11",128.2351,129.2078,127.5502,128.0266,100384500.0000,
"2021-01-12",127.5502,128.7314,125.9223,127.8480,91951100.0000,
"2021-01-13",127.8083,130.4784,127.5403,129.9225,88636800.0000,
"2021-01-14",129.8332,130.0317,127.8083,127.9572,90221800.0000,
"2021-01-15",127.8281,129.2575,126.0613,126.2002,111598500.0000,
"2021-01-19",126.8355,127.7586,126.0017,126.8851,90757300.0000,
"2021-01-20",127.7090,131.5107,127.5998,131.0541,104319500.0000,128.5899,
"2021-01-21",132.8110,138.6376,132.6025,135.8583,120150900.0000,129.7081,
"2021-01-22",135.2727,138.8163,134.0220,138.0421,114459400.0000,130.9903,
"2021-01-25",142.0125,144.0175,135.5307,141.8636,157611700.0000,132.6631,
"2021-01-26",142.5386,143.2334,140.3250,142.1018,98390600.0000,134.1152,
"2021-01-27",142.3698,143.2334,139.3721,141.0099,140843800.0000,135.1759,
"2021-01-28",138.4887,140.9405,135.6896,136.0767,142621100.0000,135.3145,
"2021-01-29",134.8260,135.7293,129.2475,130.9846,177523800.0000,134.6484,
"2021-02-01",132.7614,134.3793,129.9622,133.1485,106239800.0000,134.4176,
"2021-02-02",134.7267,135.3024,133.6150,133.9922,83305400.0000,134.3522,
"2021-02-03",134.7565,134.7665,132.6224,132.9500,89880900.0000,134.1364,
"2021-02-04",135.2925,136.3844,133.5951,136.3745,84183100.0000,134.4808,
"2021-02-05",136.5385,136.6081,135.0573,135.9520,75693800.0000,134.7071,
"2021-02-08",135.2263,136.1508,134.1228,136.1011,71297200.0000,134.9216,
"2021-02-9",135.8128,137.0654,135.0474,135.2064,76774200.0000,134.9654,132.7977,2.1677,
"2021-02-10",135.6736,136.1806,133.6059,134.5901,73046600.0000,134.9076,132.9305,1.9772,
"2021-02-11",135.0970,135.5842,132.9796,134.3316,64280000.0000,134.8190,133.0343,1.7847,
"2021-02-12",133.5562,134.7292,132.9001,134.5702,60145100.0000,134.7807,133.1480,1.6327,
"2021-02-16",134.6895,135.2064,132.0054,132.4030,80576300.0000,134.4149,133.0929,1.3221,
"2021-02-17",130.4745,131.4388,128.7051,130.0670,97918500.0000,133.7460,132.8687,0.8773,
"2021-02-18",128.4366,129.2319,126.6572,128.9436,96856700.0000,133.0072,132.5780,0.4292,
"2021-02-19",129.4705,129.9377,128.0390,129.1027,87668800.0000,132.4065,132.3205,0.0860,
"2021-02-22",127.2537,128.9536,124.8579,125.2555,103916400.0000,131.3063,131.7972,-0.4909,1.0873,
"2021-02-23",123.0288,125.9614,117.6905,125.1164,158273000.0000,130.3540,131.3023,-0.9483,0.6802,
"2021-02-24",124.2018,124.8181,121.5078,124.6094,111039900.0000,129.4702,130.8066,-1.3363,0.2769,
"2021-02-25",123.9433,125.7128,119.8278,120.2751,148199500.0000,128.0556,130.0265,-1.9708,-0.1726,
"2021-02-26",121.8657,124.1123,120.4839,120.5436,164560400.0000,126.8999,129.3240,-2.4241,-0.6229,
"2021-03-01",123.0188,127.1741,122.0645,127.0350,116307900.0000,126.9207,129.1545,-2.2338,-0.9451,
"2021-03-02",127.6513,127.9595,124.2714,124.3807,102260900.0000,126.5299,128.8008,-2.2709,-1.2103,
"2021-03-03",124.0726,124.9673,121.1201,121.3388,112966300.0000,125.7313,128.2481,-2.5168,-1.4716,
"2021-03-04",121.0307,122.8697,117.9191,119.4202,178155000.0000,124.7604,127.5942,-2.8338,-1.7440,
"2021-03-05",120.2652,121.2195,116.8753,120.7026,153766600.0000,124.1361,127.0837,-2.9476,-1.9847,
"2021-03-08",120.2155,120.2851,115.5234,115.6725,154376600.0000,122.8340,126.2384,-3.4044,-2.2687,
"2021-03-9",118.3267,121.3388,118.0881,120.3745,129525800.0000,122.4556,125.8041,-3.3484,-2.4846,
"2021-03-10",120.9710,121.4482,118.7442,119.2711,111943300.0000,121.9657,125.3201,-3.3544,-2.6586,
"2021-03-11",121.8160,122.4820,120.5435,121.2394,103026500.0000,121.8540,125.0179,-3.1639,-2.7597,
"2021-03-12",119.6886,120.4541,118.4560,120.3149,88105100.0000,121.6172,124.6695,-3.0523,-2.8182,
"2021-03-15",120.6927,123.2674,119.7085,123.2574,92403800.0000,121.8695,124.5649,-2.6954,-2.7936,
"2021-03-16",124.9573,126.4683,123.9831,124.8281,115227900.0000,122.3247,124.5844,-2.2597,-2.6868,
"2021-03-17",123.3171,125.1164,121.6172,124.0229,111932600.0000,122.5859,124.5428,-1.9569,-2.5408,
"2021-03-18",122.1540,122.4522,119.6091,119.8179,121229700.0000,122.1601,124.1928,-2.0327,-2.4392,
"2021-03-19",119.1916,120.7125,118.9729,119.2811,185549500.0000,121.7172,123.8290,-2.1118,-2.3737,
"2021-03-22",119.6190,123.1381,119.5495,122.6610,111912300.0000,121.8624,123.7425,-1.8801,-2.2750,
"2021-03-23",122.6013,123.5059,121.4183,121.8160,95467100.0000,121.8552,123.5998,-1.7445,-2.1689,
"2021-03-24",122.0943,122.1739,119.3606,119.3805,88530500.0000,121.4745,123.2872,-1.8127,-2.0977,
"2021-03-25",118.8337,120.9412,118.2969,119.8775,98844700.0000,121.2288,123.0346,-1.8058,-2.0393,
"2021-03-26",119.6389,120.7623,118.2174,120.4938,94071200.0000,121.1157,122.8464,-1.7307,-1.9776,
"2021-03-29",120.9312,121.8558,120.0167,120.6728,80819200.0000,121.0476,122.6854,-1.6378,-1.9096,
"2021-03-30",119.4003,119.6886,118.1577,119.1916,85671900.0000,120.7620,122.4266,-1.6646,-1.8606,
"2021-03-31",120.9312,122.7902,120.4342,121.4283,118323800.0000,120.8645,122.3527,-1.4881,-1.7861,
"2021-04-01",122.9294,123.4463,121.7663,122.2733,75089100.0000,121.0813,122.3468,-1.2655,-1.6820,
"2021-04-05",123.1381,125.4146,122.3429,125.1561,88651200.0000,121.7082,122.5549,-0.8467,-1.5149,
"2021-04-06",125.7526,126.3789,124.9076,125.4643,80171300.0000,122.2860,122.7704,-0.4844,-1.3088,
"2021-04-07",125.0865,127.1642,124.4006,127.1443,83466700.0000,123.0335,123.0944,-0.0609,-1.0592,
"2021-04-08",128.1881,129.6196,127.7607,129.5898,88844600.0000,124.0421,123.5755,0.4666,-0.7541,
"2021-04-9",129.0331,132.2539,128.7050,132.2142,106686700.0000,125.2994,124.2154,1.0839,-0.3865,
"2021-04-12",131.7370,132.0651,129.8582,130.4646,91420000.0000,126.0940,124.6783,1.4157,-0.0260,
"2021-04-13",131.6575,133.8644,131.1505,133.6357,91266500.0000,127.2543,125.3418,1.9124,0.3617,
"2021-04-14",134.1427,134.2024,130.8821,131.2499,87222800.0000,127.8690,125.7795,2.0895,0.7072,
"2021-04-15",133.0293,134.2024,132.8504,133.7053,89347100.0000,128.7669,126.3666,2.4003,1.0458,
"2021-04-16",133.5065,133.8743,132.4925,133.3674,84922400.0000,129.4747,126.8852,2.5895,1.3546,
"2021-04-19",132.7212,134.6696,132.5522,134.0433,94264200.0000,130.1775,127.4154,2.7621,1.6361,
"2021-04-20",134.2223,134.7292,131.0312,132.3235,94812300.0000,130.5077,127.7790,2.7287,1.8546,
"2021-04-21",131.5780,132.9598,130.5242,132.7112,68847100.0000,130.8467,128.1443,2.7024,2.0242,
"2021-04-22",132.2539,133.3574,130.6336,131.1604,84566500.0000,130.8950,128.3677,2.5272,2.1248,
"2021-04-23",131.3791,134.3216,131.3791,133.5264,78657500.0000,131.2998,128.7498,2.5499,2.2098,
"2021-04-26",134.0334,134.2620,132.7709,133.9240,66905100.0000,131.7035,129.1331,2.5704,2.2819,
"2021-04-27",134.2123,134.6099,133.3176,133.5960,66015800.0000,131.9947,129.4637,2.5310,2.3317,
"2021-04-28",133.5164,134.2223,132.2937,132.7908,107760100.0000,132.1171,129.7102,2.4070,2.3468,
"2021-04-29",135.6637,136.2601,131.6674,132.6913,151101000.0000,132.2055,129.9310,2.2745,2.3323,
"2021-04-30",131.0014,132.7709,130.2956,130.6833,109839500.0000,131.9713,129.9867,1.9846,2.2628,
"2021-05-03",131.2599,133.2779,131.0511,131.7569,75135100.0000,131.9383,130.1178,1.8205,2.1743,
"2021-05-04",130.4149,130.7131,125.9514,127.0946,137564700.0000,131.1931,129.8939,1.2992,1.9993,
"2021-05-05",128.4366,129.6792,127.2139,127.3431,84000900.0000,130.6008,129.7049,0.8959,1.7786,
"2021-05-06",127.1344,128.9834,126.3789,128.9734,78128300.0000,130.3505,129.6508,0.6997,1.5628,
"2021-05-07",130.2979,130.7061,128.9336,129.6606,78973300.0000,130.2443,129.6515,0.5928,1.3688,
"2021-05-10",128.8639,128.9934,126.2749,126.3147,88071200.0000,129.6398,129.4043,0.2354,1.1422,
"2021-05-11",122.9788,125.7372,122.2519,125.3787,126142800.0000,128.9842,129.1061,-0.1219,0.8893,
"2021-05-12",122.8793,124.1140,121.7341,122.2519,112172300.0000,127.9485,128.5984,-0.6499,0.5815,
"2021-05-13",124.0543,125.6177,123.7356,124.4426,105861300.0000,127.4091,128.2906,-0.8815,0.2889,
"2021-05-14",125.7172,127.3503,125.3189,126.9122,81918000.0000,127.3327,128.1885,-0.8558,0.0600,
"2021-05-17",126.2848,126.3944,124.6418,125.7372,74244600.0000,127.0872,128.0069,-0.9197,-0.1360,
"2021-05-18",126.0259,126.4541,124.2534,124.3232,63342900.0000,126.6620,127.7340,-1.0721,-0.3232,
"2021-05-19",122.6403,124.3929,122.3415,124.1638,92612000.0000,126.2776,127.4696,-1.1919,-0.4969,
"2021-05-20",124.7015,127.1810,124.5721,126.7728,76857100.0000,126.3538,127.4179,-1.0641,-0.6104,
"2021-05-21",127.2806,127.4599,124.6816,124.9007,79295400.0000,126.1303,127.2315,-1.1012,-0.7085,
"2021-05-24",125.4783,127.4001,125.4086,126.5637,63092900.0000,126.1969,127.1820,-0.9851,-0.7639,
"2021-05-25",127.2806,127.7785,125.7869,126.3645,72009500.0000,126.2227,127.1215,-0.8987,-0.7908,
"2021-05-26",126.4242,126.8524,125.8865,126.3147,56575900.0000,126.2369,127.0617,-0.8248,-0.7976,
"2021-05-27",125.9064,127.1014,124.5522,124.7513,94625600.0000,126.0083,126.8906,-0.8822,-0.8146,
"2021-05-28",125.0401,125.2691,124.0244,124.0842,71311100.0000,125.7123,126.6827,-0.9704,-0.8457,
"2021-06-01",124.5522,124.8210,123.4170,123.7556,67637100.0000,125.4113,126.4659,-1.0546,-0.8875,
"2021-06-02",123.7556,124.7115,123.5265,124.5323,59278900.0000,125.2760,126.3226,-1.0466,-0.9193,
"2021-06-03",124.1539,124.3232,122.6104,123.0187,76229200.0000,124.9287,126.0779,-1.1491,-0.9653,
"2021-06-04",123.5464,125.6276,123.3274,125.3588,75169300.0000,124.9949,126.0246,-1.0297,-0.9782,
"2021-06-07",125.6376,125.7869,124.3032,125.3687,71057600.0000,125.0524,125.9760,-0.9236,-0.9673,
"2021-06-08",126.0658,127.9179,125.6774,126.2052,74403800.0000,125.2298,125.9930,-0.7632,-0.9265,
"2021-06-9",126.6732,127.2109,125.9861,126.5935,56877900.0000,125.4396,126.0375,-0.5979,-0.8607,
"2021-06-10",126.4840,127.6491,125.4086,125.5778,71186400.0000,125.4608,126.0034,-0.5426,-0.7971,
"2021-06-11",125.9961,126.9022,125.5679,126.8126,53522400.0000,125.6688,126.0634,-0.3946,-0.7166,
"2021-06-14",127.2806,129.9891,126.5338,129.9294,96906500.0000,126.3243,126.3498,-0.0255,-0.5784,
"2021-06-15",129.3917,130.0489,128.8440,129.0929,62746300.0000,126.7502,126.5530,0.1973,-0.4233,
"2021-06-16",129.8199,130.3377,127.9179,129.6008,91815000.0000,127.1888,126.7787,0.4101,-0.2566,
"2021-06-17",129.2523,131.9907,129.1029,131.2339,96721700.0000,127.8111,127.1087,0.7024,-0.0648,
"2021-06-18",130.1584,130.9550,129.6904,129.9095,108953300.0000,128.1339,127.3162,0.8177,0.1117,
"2021-06-21",129.7501,131.8512,128.6647,131.7417,79663300.0000,128.6890,127.6440,1.0450,0.2984,
"2021-06-22",131.5724,133.5142,131.0646,133.4146,74783600.0000,129.4160,128.0715,1.3445,0.5076,
"2021-06-23",133.2055,133.7532,132.6678,133.1358,60214200.0000,129.9883,128.4466,1.5417,0.7144,
"2021-06-24",133.8826,134.0718,132.3690,132.8470,68711000.0000,130.4281,128.7726,1.6555,0.9026,
"2021-06-25",132.8968,133.3250,132.2496,132.5483,70783700.0000,130.7543,129.0522,1.7020,1.0625,
"2021-06-28",132.8470,134.6793,132.7873,134.2112,62111300.0000,131.2861,129.4344,1.8517,1.2204,
"2021-06-29",134.2312,135.9140,133.7831,135.7547,64556100.0000,131.9736,129.9026,2.0710,1.3905,
"2021-06-30",135.5954,136.8301,135.2966,136.3820,63261400.0000,132.6518,130.3825,2.2693,1.5662,
"2021-07-01",136.0236,136.7505,135.1871,136.6908,52485800.0000,133.2732,130.8498,2.4234,1.7377,
"2021-07-02",137.3181,139.4092,137.1687,139.3694,78852600.0000,134.2111,131.4809,2.7302,1.9362,
"2021-07-06",139.4789,142.5459,139.4789,141.4207,108181800.0000,135.3202,132.2172,3.1031,2.1696,
"2021-07-07",142.9343,144.2786,142.0580,143.9599,104911600.0000,136.6494,133.0870,3.5624,2.4481,
"2021-07-08",140.9826,143.4521,140.0764,142.6356,105575500.0000,137.5704,133.7943,3.7761,2.7137,
"2021-07-9",142.1476,145.0354,142.0480,144.4977,99890800.0000,138.6361,134.5871,4.0490,2.9808,
"2021-07-12",145.5930,145.7026,143.3923,143.8902,76299700.0000,139.4444,135.2763,4.1682,3.2183,
"2021-07-13",143.4222,146.8377,143.0239,145.0254,100827100.0000,140.3030,135.9984,4.3046,3.4355,
"2021-07-14",147.4750,148.9388,147.0568,148.5206,127050800.0000,141.5673,136.9260,4.6413,3.6767,
"2021-07-15",148.6102,149.3670,146.4693,147.8534,106820300.0000,142.5344,137.7354,4.7990,3.9011,
"2021-07-16",147.8335,149.1280,145.2644,145.7723,93251400.0000,143.0325,138.3307,4.7018,4.0613,
"2021-07-19",143.1434,143.4621,141.0722,141.8489,121434600.0000,142.8504,138.5914,4.2591,4.1008,
"2021-07-20",142.8546,146.4793,142.3567,145.5333,96350000.0000,143.2632,139.1056,4.1576,4.1122,
"2021-07-21",144.9159,145.5134,144.0197,144.7864,74993500.0000,143.4975,139.5264,3.9711,4.0840,
"2021-07-22",145.3242,147.5746,145.1947,146.1805,77338200.0000,143.9103,140.0193,3.8910,4.0454,
"2021-07-23",146.9274,148.0924,146.3000,147.9331,71447400.0000,144.5292,140.6055,3.9237,4.0210,
"2021-07-26",147.6443,149.1977,147.0767,148.3613,72434100.0000,145.1187,141.1800,3.9387,4.0046,
"2021-07-27",148.4907,148.5804,144.9358,146.1507,104818600.0000,145.2775,141.5482,3.7293,3.9495,
"2021-07-28",144.1989,146.3498,141.9385,144.3682,118931200.0000,145.1376,141.7571,3.3805,3.8357,
"2021-07-29",144.0794,145.9316,143.9699,145.0254,56699500.0000,145.1203,141.9992,3.1212,3.6928,
"2021-07-30",143.7707,145.7125,143.5019,145.2445,70440600.0000,145.1394,142.2396,2.8999,3.5342,
"2021-08-02",145.7424,146.3299,144.6371,144.9059,62880000.0000,145.1035,142.4371,2.6664,3.3607,
"2021-08-03",145.1947,147.4153,144.5674,146.7382,64786600.0000,145.3550,142.7557,2.5993,3.2084,
"2021-08-04",146.6486,147.1663,145.6627,146.3299,56368300.0000,145.5050,143.0204,2.4846,3.0636,
"2021-08-05",146.3598,147.2161,145.5532,146.4394,46397700.0000,145.6487,143.2737,2.3751,2.9259,
"2021-08-06",145.9508,146.7087,145.2327,145.7413,54126800.0000,145.6630,143.4565,2.2065,2.7820,
"2021-08-9",145.8012,146.2998,145.1230,145.6915,48908700.0000,145.6674,143.6220,2.0453,2.6347,
"2021-08-10",146.0405,147.3071,144.9036,145.2028,69023100.0000,145.5959,143.7391,1.8568,2.4791,
"2021-08-11",145.6516,146.3198,145.1330,145.4621,48493500.0000,145.5753,143.8668,1.7086,2.3250,
"2021-08-12",145.7912,148.6434,145.4422,148.4838,72282600.0000,146.0228,144.2088,1.8140,2.2228,
"2021-08-13",148.5636,149.0324,147.8655,148.6933,59375000.0000,146.4336,144.5409,1.8927,2.1568,
"2021-08-16",148.1348,150.7776,146.0704,150.7077,103296000.0000,147.0912,144.9977,2.0934,2.1441,
"2021-08-17",149.8202,151.2662,148.6833,149.7803,92229700.0000,147.5049,145.3520,2.1529,2.1459,
"2021-08-18",149.3914,150.3088,145.7513,145.9607,86326000.0000,147.2673,145.3971,1.8702,2.0907,
"2021-08-19",144.6344,147.5963,144.1058,146.2998,86960300.0000,147.1185,145.4640,1.6545,2.0035,
"2021-08-20",147.0378,148.0949,146.3796,147.7858,60549600.0000,147.2211,145.6360,1.5852,1.9198,
"2021-08-23",147.9054,149.7803,147.4866,149.3016,60131800.0000,147.5412,145.9075,1.6337,1.8626,
"2021-08-24",149.0423,150.4485,148.7431,149.2118,48606400.0000,147.7982,146.1523,1.6460,1.8193,
"2021-08-25",149.4013,149.9099,147.3968,147.9553,58991300.0000,147.8224,146.2858,1.5366,1.7627,
"2021-08-26",147.9453,148.7132,147.1076,147.1375,48597200.0000,147.7170,146.3489,1.3681,1.6838,
"2021-08-27",147.0777,148.3442,146.4295,148.1946,55802400.0000,147.7905,146.4856,1.3049,1.6080,
"2021-08-30",148.5935,153.0713,148.2046,152.7023,90956700.0000,148.5462,146.9461,1.6001,1.6064,
"2021-08-31",152.2436,152.3832,150.8773,151.4158,86453100.0000,148.9877,147.2772,1.7104,1.6272,
"2021-09-01",152.4131,154.5572,151.9244,152.0940,80313700.0000,149.4655,147.6340,1.8315,1.6681,
"2021-09-02",153.4503,154.2979,151.9843,153.2309,71115500.0000,150.0448,148.0486,1.9962,1.7337,
"2021-09-03",153.3406,154.2082,152.6724,153.8791,57808700.0000,150.6347,148.4805,2.1542,1.8178,
"2021-09-07",154.5473,156.8310,153.9688,156.2626,82278300.0000,151.5005,149.0569,2.4436,1.9430,
"2021-09-08",156.5518,156.6116,153.5600,154.6869,74420200.0000,151.9907,149.4740,2.5168,2.0577,
"2021-09-9",155.0658,155.6841,153.5300,153.6497,57305700.0000,152.2460,149.7833,2.4627,2.1387,
"2021-09-10",154.5772,155.0558,148.2943,148.5636,140893200.0000,151.6795,149.6929,1.9865,2.1083,
"2021-09-13",150.2191,151.0069,148.3442,149.1420,102404300.0000,151.2891,149.6521,1.6370,2.0140,
"2021-09-14",149.9399,150.6579,146.5092,147.7159,109296300.0000,150.7394,149.5087,1.2307,1.8574,
"2021-09-15",148.1547,149.0323,145.9707,148.6234,83281300.0000,150.4138,149.4431,0.9707,1.6800,
"2021-09-16",148.0351,148.5636,146.8184,148.3841,68034100.0000,150.1016,149.3647,0.7369,1.4914,
"2021-09-17",148.4140,148.4140,145.3624,145.6616,129868800.0000,149.4185,149.0904,0.3281,1.2587,
"2021-09-20",143.4077,144.4449,140.8846,142.5501,123478900.0000,148.3618,148.6059,-0.2441,0.9582,
"2021-09-21",143.5374,144.2055,142.3905,143.0387,75834000.0000,147.5429,148.1935,-0.6506,0.6364,
"2021-09-22",144.0559,146.0305,143.3080,145.4521,76404300.0000,147.2212,147.9905,-0.7692,0.3553,
"2021-09-23",146.2500,146.6788,145.2427,146.4295,64838200.0000,147.0994,147.8748,-0.7754,0.1291,
"2021-09-24",145.2627,147.0677,145.1629,146.5192,53477900.0000,147.0102,147.7744,-0.7643,-0.0495,
"2021-09-27",145.0732,145.5618,143.4277,144.9734,74150700.0000,146.6968,147.5669,-0.8701,-0.2137,
"2021-09-28",142.8592,144.3551,141.3035,141.5229,108972300.0000,145.9008,147.1192,-1.2184,-0.4146,
"2021-09-29",142.0814,144.0560,141.6426,142.4404,74602000.0000,145.3684,146.7726,-1.4042,-0.6125,
"2021-09-30",143.2681,143.9861,140.8946,141.1140,89056700.0000,144.7139,146.3535,-1.6396,-0.8179,
"2021-10-01",141.5129,142.5301,138.7305,142.2609,94639600.0000,144.3365,146.0503,-1.7138,-0.9971,
"2021-10-04",141.3733,141.8221,137.8928,138.7604,98322000.0000,143.4787,145.5103,-2.0317,-1.2040,
"2021-10-05",139.1095,141.8520,138.9798,140.7251,80861100.0000,143.0550,145.1559,-2.1008,-1.3834,
"2021-10-06",139.0895,141.7622,137.9925,141.6126,83221100.0000,142.8331,144.8934,-2.0603,-1.5188,
"2021-10-07",142.6697,143.8266,142.3307,142.8991,61732700.0000,142.8433,144.7457,-1.9024,-1.5955,
"2021-10-08",143.6371,143.7867,142.1711,142.5102,58773200.0000,142.7920,144.5801,-1.7881,-1.6340,
"2021-10-11",141.8819,144.4150,141.4232,142.4204,64452200.0000,142.7349,144.4201,-1.6853,-1.6443,
"2021-10-12",142.8393,142.8592,140.6553,141.1240,73035900.0000,142.4870,144.1760,-1.6889,-1.6532,
"2021-10-13",140.8547,141.0143,138.8203,140.5256,78762700.0000,142.1853,143.9056,-1.7203,-1.6666,
"2021-10-14",141.7223,143.4875,141.1240,143.3678,69907100.0000,142.3672,143.8657,-1.4985,-1.6330,
"2021-10-15",143.3778,144.5047,143.1185,144.4449,67940300.0000,142.6869,143.9086,-1.2218,-1.5507,
"2021-10-18",143.0587,146.4394,142.7695,146.1502,85589200.0000,143.2197,144.0747,-0.8550,-1.4116,
"2021-10-19",146.6090,148.7631,146.1502,148.3542,76378900.0000,144.0096,144.3917,-0.3821,-1.2057,
"2021-10-20",148.2944,149.3415,147.7159,148.8528,58418800.0000,144.7547,144.7221,0.0326,-0.9580,
"2021-10-21",148.4040,149.2318,147.4666,149.0722,61421000.0000,145.4189,145.0444,0.3746,-0.6915,
"2021-10-22",149.2817,149.7703,148.2345,148.2844,58883400.0000,145.8598,145.2844,0.5754,-0.4381,
"2021-10-25",148.2744,148.9625,147.2173,148.2345,50720600.0000,146.2251,145.5029,0.7222,-0.2061,
"2021-10-26",148.9226,150.4285,148.6035,148.9127,60893400.0000,146.6386,145.7555,0.8831,0.0118,
"2021-10-27",148.9526,149.3215,148.0849,148.4440,56094900.0000,146.9163,145.9546,0.9617,0.2018,
"2021-10-28",149.4113,152.7522,149.3116,152.1538,100077900.0000,147.7221,146.4138,1.3083,0.4231,
"2021-10-29",146.8184,149.5310,146.0106,149.3914,124953200.0000,147.9789,146.6344,1.3445,0.6074,
"2021-11-01",148.5836,149.2916,147.3968,148.5536,74588300.0000,148.0673,146.7765,1.2908,0.7441,
"2021-11-02",148.2545,151.1565,148.2445,149.6108,69122000.0000,148.3048,146.9865,1.3183,0.8589,
"2021-11-03",149.9798,151.5555,149.4113,151.0768,54511500.0000,148.7312,147.2895,1.4418,0.9755,
"2021-11-04",151.1665,152.0142,150.2291,150.5482,60394600.0000,149.0108,147.5309,1.4799,1.0764,
"2021-11-05",151.6967,152.0063,149.8691,151.0875,65463900.0000,149.3303,147.7943,1.5360,1.1683,
"2021-11-08",151.2173,151.3771,149.9689,150.2486,55020900.0000,149.4716,147.9761,1.4954,1.2337,
"2021-11-9",150.0089,151.2373,149.8691,150.6181,56787900.0000,149.6479,148.1718,1.4761,1.2822,
"2021-11-10",149.8291,149.9390,147.6619,147.7318,65187100.0000,149.3532,148.1392,1.2139,1.2685,
"2021-11-11",148.7705,149.2399,147.4921,147.6818,41000000.0000,149.0960,148.1053,0.9907,1.2130,
"2021-11-12",148.2411,150.2086,147.2923,149.7991,63804000.0000,149.2042,148.2308,0.9734,1.1651,
"2021-11-15",150.1787,151.6867,149.2398,149.8091,59222800.0000,149.2973,148.3477,0.9495,1.1220,
"2021-11-16",149.7492,151.2972,149.1500,150.8079,59256200.0000,149.5297,148.5300,0.9997,1.0975,
"2021-11-17",150.8079,154.8028,150.7979,153.2947,88807000.0000,150.1089,148.8829,1.2260,1.1232,
"2021-11-18",153.5144,158.4681,152.8553,157.6691,137827700.0000,151.2720,149.5337,1.7383,1.2462,
"2021-11-19",157.4494,160.8151,156.3308,160.3457,117305600.0000,152.6680,150.3346,2.3333,1.4636,
"2021-11-22",161.4743,165.4891,160.7951,160.8151,117467900.0000,153.9214,151.1109,2.8104,1.7330,
"2021-11-23",160.9150,161.5941,158.8576,161.2046,96041900.0000,155.0419,151.8586,3.1832,2.0231,
"2021-11-24",160.5455,161.9337,159.4369,161.7339,69463600.0000,156.0714,152.5901,3.4813,2.3147,
"2021-11-26",159.3670,160.2458,156.1610,156.6105,76959800.0000,156.1544,152.8879,3.2664,2.5050,
"2021-11-29",159.1672,160.9849,158.5879,160.0361,88748200.0000,156.7515,153.4174,3.3341,2.6709,
"2021-11-30",159.7864,165.3094,159.7165,165.0897,174048100.0000,158.0343,154.2820,3.7523,2.8871,
"2021-12-01",167.2669,170.0833,164.3206,164.5603,152052500.0000,159.0383,155.0434,3.9949,3.1087,
"2021-12-02",158.5380,163.9911,157.5992,163.5516,136739200.0000,159.7327,155.6736,4.0591,3.2988,
"2021-12-03",163.8113,164.7501,159.5168,161.6341,118023100.0000,160.0252,156.1151,3.9101,3.4210,
"2021-12-06",164.0809,167.6664,164.0710,165.1096,107497000.0000,160.8074,156.7814,4.0260,3.5420,
"2021-12-07",168.8649,171.3617,168.1258,170.9622,120405400.0000,162.3697,157.8318,4.5379,3.7412,
"2021-12-08",171.9110,175.7361,170.4828,174.8572,116998900.0000,164.2909,159.0930,5.1979,4.0325,
"2021-12-9",174.6874,176.5251,173.6987,174.3379,108923700.0000,165.8366,160.2222,5.6143,4.3489,
"2021-12-10",174.9871,179.4014,174.4677,179.2217,115402700.0000,167.8958,161.6296,6.2662,4.7324,
"2021-12-13",180.8895,181.8983,175.3066,175.5164,153237000.0000,169.0682,162.6582,6.4100,5.0679,
"2021-12-14",175.0270,177.5138,171.9909,174.1082,139380400.0000,169.8436,163.5064,6.3372,5.3217,
"2021-12-15",174.8872,179.2716,172.0907,179.0719,131063300.0000,171.2633,164.6594,6.6039,5.5782,
"2021-12-16",179.0519,180.9095,170.5327,172.0408,150185800.0000,171.3829,165.2062,6.1768,5.6979,
"2021-12-17",169.7138,173.2493,169.4741,170.9222,195432700.0000,171.3121,165.6296,5.6825,5.6948,
"2021-12-20",168.0659,170.3629,167.2469,169.5340,107499100.0000,171.0385,165.9188,5.1197,5.5798,
"2021-12-21",171.3417,172.9796,168.9048,172.7699,91185900.0000,171.3049,166.4263,4.8786,5.4396,
"2021-12-22",172.8198,175.6362,171.9309,175.4165,92135300.0000,171.9374,167.0922,4.8452,5.3207,
"2021-12-23",175.6262,176.6250,175.0470,176.0557,68356600.0000,172.5710,167.7562,4.8148,5.2195,
"2021-12-27",176.8647,180.1904,176.8447,180.1005,74919600.0000,173.7294,168.6706,5.0588,5.1874,
"2021-12-28",179.9308,181.0993,178.3028,179.0619,79144300.0000,174.5498,169.4403,5.1095,5.1718,
"2021-12-29",179.1018,180.4002,177.9133,179.1517,62348900.0000,175.2578,170.1597,5.0981,5.1571,
"2021-12-30",179.2416,180.3402,177.8634,177.9733,59773000.0000,175.6755,170.7385,4.9371,5.1131,
"2021-12-31",177.8634,179.0019,177.0344,177.3441,64062300.0000,175.9322,171.2278,4.7045,5.0313,
"2022-01-03",177.6037,182.6473,177.4839,181.7784,104487900.0000,176.8316,172.0093,4.8224,4.9895,
"2022-01-04",182.3976,182.7072,178.8921,179.4713,99310400.0000,177.2378,172.5620,4.6757,4.9268,
"2022-01-05",179.3815,179.9407,174.4178,174.6974,94537600.0000,176.8469,172.7202,4.1267,4.7668,
"2022-01-06",172.4802,175.0769,171.4216,171.7811,96904000.0000,176.0676,172.6506,3.4169,4.4968,
"2022-01-07",172.6700,173.9184,170.8124,171.9509,86709100.0000,175.4342,172.5988,2.8354,4.1645,
"2022-01-10",168.8649,172.2805,167.9560,171.9709,106765600.0000,174.9014,172.5523,2.3491,3.8014,
"2022-01-11",172.1007,174.9571,170.6026,174.8572,76138300.0000,174.8946,172.7230,2.1716,3.4755,
"2022-01-12",175.8959,176.9545,174.5976,175.3066,74805200.0000,174.9580,172.9144,2.0436,3.1891,
"2022-01-13",175.5563,176.3953,171.5714,171.9709,84505800.0000,174.4985,172.8445,1.6539,2.8821,
"2022-01-14",171.1220,173.5589,170.8723,172.8498,80440800.0000,174.2448,172.8449,1.3999,2.5856,
"2022-01-18",171.2918,172.3204,169.1944,169.5839,90956700.0000,173.5278,172.6034,0.9244,2.2534,
"2022-01-19",169.7837,170.8623,165.7289,166.0185,94815000.0000,172.3725,172.1156,0.2569,1.8541,
"2022-01-20",166.7675,169.4641,163.9711,164.3007,91420500.0000,171.1307,171.5367,-0.4060,1.4021,
"2022-01-21",164.2108,166.1184,162.0935,162.2034,122848900.0000,169.7572,170.8453,-1.0881,0.9040,
"2022-01-24",159.8164,162.0935,154.5031,161.4143,162294600.0000,168.4737,170.1468,-1.6730,0.3886,
"2022-01-25",158.7777,162.5529,156.8202,159.5767,115798400.0000,167.1049,169.3638,-2.2589,-0.1409,
"2022-01-26",163.2920,164.1808,157.6192,159.4868,108275300.0000,165.9329,168.6322,-2.6992,-0.6526,
"2022-01-27",162.2433,163.6315,158.0786,159.0174,121954600.0000,164.8690,167.9200,-3.0510,-1.1322,
"2022-01-28",165.4991,170.1332,162.5928,170.1133,179935700.0000,165.6758,168.0824,-2.4066,-1.3871,
"2022-01-31",169.9435,174.7773,169.2943,174.5576,115541600.0000,167.0422,168.5621,-1.5198,-1.4137,
"2022-02-01",173.7886,174.6175,172.0907,174.3878,86213900.0000,168.1723,168.9936,-0.8213,-1.2952,
"2022-02-02",174.5276,175.6562,173.1095,175.6163,84914300.0000,169.3175,169.4842,-0.1666,-1.0695,
"2022-02-03",174.2580,176.0158,171.9010,172.6800,89418100.0000,169.8348,169.7209,0.1139,-0.8328,
"2022-02-04",171.6800,174.1000,170.6800,172.3900,82465400.0000,170.2279,169.9186,0.3093,-0.6044,
"2022-02-07",172.8600,173.9500,170.9500,171.6600,77251200.0000,170.4483,170.0476,0.4007,-0.4034,
"2022-02-08",171.7300,175.3500,171.4300,174.8300,74829200.0000,171.1224,170.4019,0.7205,-0.1786,
"2022-02-9",176.0500,176.6500,174.9000,176.2800,71285000.0000,171.9159,170.8373,1.0786,0.0729,
"2022-02-10",174.1400,175.4800,171.5500,172.1200,90865900.0000,171.9473,170.9323,1.0150,0.2613,
"2022-02-11",172.3300,173.0800,168.0400,168.6400,98670700.0000,171.4385,170.7625,0.6760,0.3442,
"2022-02-14",167.3700,169.5800,166.5600,168.8800,86185500.0000,171.0448,170.6230,0.4218,0.3597,
"2022-02-15",170.9700,172.9500,170.2500,172.7900,62527400.0000,171.3133,170.7836,0.5298,0.3937,
"2022-02-16",171.8500,173.3400,170.0500,172.5500,61177400.0000,171.5036,170.9144,0.5892,0.4328,
"2022-02-17",171.0300,171.9100,168.4700,168.8800,69589300.0000,171.1000,170.7637,0.3362,0.4135,
"2022-02-18",169.8200,170.5400,166.1900,167.3000,82772700.0000,170.5154,170.5071,0.0082,0.3325,
"2022-02-22",164.9800,166.6900,162.1500,164.3200,91162800.0000,169.5622,170.0488,-0.4866,0.1686,
"2022-02-23",165.5400,166.1500,159.7500,160.0700,90009200.0000,168.1019,169.3097,-1.2078,-0.1066,
"2022-02-24",152.5800,162.8500,152.0000,162.7400,141147500.0000,167.2770,168.8230,-1.5460,-0.3945,
"2022-02-25",163.8400,165.1200,160.8700,164.8500,91974200.0000,166.9036,168.5287,-1.6251,-0.6406,
"2022-02-28",163.0600,165.4200,162.4300,165.1200,94869100.0000,166.6292,168.2762,-1.6470,-0.8419,
"2022-03-01",164.7000,166.6000,161.9700,163.2000,83474400.0000,166.1016,167.9002,-1.7986,-1.0333,
"2022-03-02",164.3900,167.3600,162.9500,166.5600,79724800.0000,166.1721,167.8009,-1.6288,-1.1524,
"2022-03-03",168.4700,168.9100,165.5500,166.2300,76678400.0000,166.1810,167.6846,-1.5035,-1.2226,
"2022-03-04",164.4900,165.5500,162.1000,163.1700,83737200.0000,165.7178,167.3502,-1.6323,-1.3045,
"2022-03-07",163.3600,165.0200,159.0400,159.3000,96418800.0000,164.7305,166.7538,-2.0234,-1.4483,
"2022-03-08",158.8200,162.8800,155.8000,157.4400,131148300.0000,163.6088,166.0639,-2.4551,-1.6497,
"2022-03-9",161.4800,163.4100,159.4100,162.9500,91454900.0000,163.5075,165.8333,-2.3258,-1.7849,
"2022-03-10",160.2000,160.3900,155.9800,158.5200,105342000.0000,162.7402,165.2915,-2.5514,-1.9382,
"2022-03-11",158.9300,159.2800,154.5000,154.7300,96836300.0000,161.5078,164.5092,-3.0014,-2.1508,
"2022-03-14",151.4500,154.1200,150.1000,150.6200,108732100.0000,159.8328,163.4804,-3.6476,-2.4502,
"2022-03-15",150.9000,155.5700,150.3800,155.0900,92964300.0000,159.1031,162.8589,-3.7557,-2.7113,
"2022-03-16",157.0500,160.0000,154.4600,159.5900,102300200.0000,159.1780,162.6167,-3.4387,-2.8568,
"2022-03-17",158.6100,161.0000,157.6300,160.6200,75615400.0000,159.3999,162.4688,-3.0690,-2.8992,
"2022-03-18",160.5100,164.4800,159.7600,163.9800,123351200.0000,160.1045,162.5808,-2.4763,-2.8146,
"2022-03-21",163.5100,166.3500,163.0100,165.3800,95811400.0000,160.9161,162.7881,-1.8720,-2.6261,
"2022-03-22",165.5100,169.4200,164.9100,168.8200,81532000.0000,162.1321,163.2349,-1.1028,-2.3214,
"2022-03-23",167.9900,172.6400,167.6500,170.2100,97965700.0000,163.3749,163.7516,-0.3767,-1.9325,